,Alabama,Alaska,Arizona,Arkansas,California,Colorado,Connecticut,Delaware,District of Columbia,Florida,Georgia,Hawaii,Idaho,Illinois,Indiana,Iowa,Kansas,Kentucky,Louisiana,Maine,Maryland,Massachusetts,Michigan,Minnesota,Mississippi,Missouri,Montana,Nebraska,Nevada,New Hampshire,New Jersey,New Mexico,New York,North Carolina,North Dakota,Ohio,Oklahoma,Oregon,Pennsylvania,Rhode Island,South Carolina,South Dakota,Tennessee,Texas,Utah,Vermont,Virginia,Washington,West Virginia,Wisconsin,Wyoming
Denmark,0.03153767,0.090683966,0.085057973,0.073578053,0.068512493,0.129190345,0.09762703,0.024140542,0.099795102,0.047344802,0.083612118,0.065082104,0.059211229,0.042412385,0.045526335,0.032291208,0.039700822,0.071459764,0.029527406,0.272128628,0.050000218,0.124513659,0.076896526,0.091143371,0.119923134,0.070220336,0.317310578,0.036461547,0.068901338,0.134346784,0.056685174,0.029499594,0.047688067,0.097765799,0.237735033,0.126414795,0.024389013,0.152000527,0.092434838,0.101142915,0.112460724,0.071610667,0.077474727,0.04399795,0.163303571,0.154559505,0.076745253,0.154453123,0.141968632,0.121571361,0.077825049
Ireland,0.166019054,0.156953019,0.146160413,0.161331695,0.15649213,0.195731714,0.544141227,0.308340557,0.540379858,0.208902138,0.171343983,0.121691981,0.117451782,0.381711464,0.235219398,0.049317481,0.0583259,0.429892867,0.243471594,0.583726293,0.214411417,1.261099879,0.154812514,0.136396374,0.345320831,0.216512702,0.763260581,0.133926067,0.100204662,0.807291036,0.398038226,0.090568928,0.619121474,0.240330914,0.012349872,0.297977732,0.056767531,0.393298314,0.517478993,0.467280267,0.379554944,0.048695254,0.207655309,0.082957492,0.103198784,0.906280736,0.205153163,0.213646388,0.077744727,0.204679467,0.477326969
Norway,0.04819908,0.333089184,0.051182527,0.104629342,0.038848275,0.088783609,0.07998128,0.050475678,0.100856752,0.044941283,0.021815928,0.026571983,0.197047204,0.03682884,0.030631917,0.109790107,0.031368551,0.048206984,0.046104195,0.184881281,0.056004611,0.035809542,0.040487186,0.109414537,0,0.035500281,0.283006732,0.029449711,0.025859268,0.136767447,0.04237726,0.051236136,0.048145506,0.052245851,0.203772886,0.047912313,0.041209022,0.212019997,0.081061674,0.062034321,0.063449125,0.108848214,0.009792345,0.039104681,0.118319485,0.108894197,0.041929114,0.166108231,0.027041644,0.136338504,0.145273425
Sweden,0.079141699,0.205782847,0.128325677,0.068177829,0.119153824,0.228539018,0.188349202,0.013167568,0.356714406,0.092195386,0.101682823,0.090883884,0.072800691,0.068017734,0.031756024,0.155584911,0.045582426,0.180917974,0.129506167,0.386381105,0.083515649,0.141253541,0.134568921,0.131084989,0.037566283,0.099088696,0.132927404,0.031553262,0.066859817,0.344944446,0.056635494,0.05227121,0.094735718,0.195651704,0.108061379,0.08163521,0.045834525,0.21567972,0.111836119,0.092377196,0.261015262,0.048695254,0.132196653,0.062575783,0.233236813,0.40747506,0.116521755,0.193915299,0.141968632,0.175488604,0.124520079
United_Kingdom,2.307010288,1.574761955,1.979866799,1.949480903,1.233435129,2.499842451,3.017806863,2.06730822,3.193443249,1.781869707,1.892555151,0.70666071,2.212170334,1.080500624,1.771311664,1.217672097,1.536078735,2.045110394,1.558218202,5.816489748,1.404263774,2.242712758,2.142762479,1.22544281,2.363786103,2.14406092,5.608678873,1.072810905,1.334984697,5.070078187,1.250203689,1.689757431,1.366303132,2.535184878,1.077526321,2.292235625,1.467545792,3.013172566,2.322913136,1.69582954,4.017431412,1.950674572,2.289104576,1.057588796,2.102911491,6.343965154,1.946147295,2.039735658,4.894537588,2.035461748,4.124727612
Austria,0.164828953,0.078476509,0.115661959,0.066152745,0.068120666,0.154212866,0.131192316,0.029627029,0.116781502,0.090268036,0.06020447,0.075864937,0.246551674,0.156621267,0.0798116,0.061646852,0.013233607,0.094712545,0.07873975,0.405076965,0.074891157,0.088186389,0.165880953,0.094117747,0.164713702,0.189594907,0.458813945,0.042071016,0.121470508,0.361889085,0.104875024,0.112823008,0.121335824,0.087797051,0.101886443,0.299820513,0.063916035,0.136873669,0.134582449,0.036411449,0.171350631,0.02577984,0.119524207,0.023077153,0.125501818,0.523394689,0.143850553,0.077180675,0.429286101,0.292252058,0
Belgium,0.04819908,0.022670992,0.054137395,0.094503922,0.063447405,0.181274258,0.137905373,0.108632438,0.231439704,0.077978341,0.090634413,0.076250039,0.079595422,0.051831093,0.043840174,0.011742257,0.027937616,0.142919528,0.126916044,0.207731777,0.122707959,0.109499538,0.104858899,0.062249435,0.196500556,0.093627114,0.291582694,0.040668649,0.056652212,0.073830215,0.075762393,0.084358487,0.117447588,0.105932967,0.024699744,0.060627504,0.042050023,0.09393291,0.075821098,0.047874313,0.153113756,0.031508694,0.046081622,0.040079188,0.087322048,0.119432345,0.11464992,0.081218665,0.405624662,0.11779372,0.326865207
France,0.548041392,0.483066513,0.340654018,0.373290492,0.389686906,0.41018398,0.667086073,0.276518934,2.178505834,0.426103221,0.339410895,0.32926153,0.387299677,0.290569956,0.301541713,0.125642155,0.24702734,0.445772815,0.494195534,1.017885706,0.469325194,0.651388504,0.457155673,0.341628301,0.362659115,0.505976531,0.934779812,0.198434958,0.352842903,0.975527099,0.324114002,0.325013068,0.56937493,0.368363276,0.944765198,0.500315116,0.224967621,0.594095158,0.459498154,0.383668791,0.765948716,0.114577067,0.441231531,0.235415986,0.311864458,1.32780666,0.495381246,0.420409838,0.780827474,0.333119267,0.570717028
Germany,3.673840991,2.183390883,1.622116762,1.865102402,0.720915042,2.559525795,1.338967187,1.514270352,1.786756978,1.238628914,1.633292042,1.08059398,2.482988905,1.063073195,1.860678174,1.409070894,1.630184388,2.907164692,1.818266586,4.53063005,1.214088271,1.068591235,2.595112119,1.439385409,2.645533224,3.006990825,9.600788988,1.517361306,1.106164203,2.826123793,0.895387287,2.395677533,0.937933924,1.881571267,1.377010714,2.616012295,2.256404218,2.029438818,2.057650795,1.006034861,3.489701865,1.893386039,2.063592638,0.730030073,1.874966923,3.969369116,1.793686299,1.680262763,4.103569497,2.955145662,3.626647297
Netherlands,0.152927945,0.357504098,0.293270606,0.135005603,0.173044458,0.281178987,0.244163476,0.195318929,0.325926555,0.172191776,0.204489212,0.144798053,0.482425913,0.128195945,0.192784357,0.235432262,0.127434739,0.179783692,0.26626468,0.803921976,0.149673143,0.209334814,0.558082364,0.161466112,0.433457109,0.178671743,1.114875005,0.094659786,0.145968761,0.734671153,0.120573986,0.211672523,0.122410807,0.203458555,0.108061379,0.343862986,0.120683565,0.528708093,0.203824951,0.182731533,0.260635327,0.44971499,0.198438985,0.108045861,0.595755619,0.846564564,0.203842878,0.331023419,0.378583018,0.370552257,0.435820276
Switzerland,0.036298073,0.176136165,0.086007752,0.028351177,0.093914391,0.250410555,0.094366402,0.093270275,0.182603803,0.074055615,0.044942684,0.169829631,0.288290737,0.044047969,0.048898656,0.039923675,0.040190956,0.044236997,0.060608886,0.180726646,0.076528718,0.140735813,0.066847548,0.079883235,0.017338284,0.095577679,0.617469234,0.051186403,0.069071465,0.480501561,0.075812073,0.078148047,0.104136099,0.091760529,0.021612276,0.081082376,0.029855516,0.175666741,0.107822061,0.105862918,0.165271672,0.297900375,0.061346159,0.039664504,0.138354414,0.519881973,0.079927373,0.104345336,0.111546782,0.140459567,0.549963682
Greece,0.157688348,0.287747201,0.138034528,0.045901905,0.102658837,0.140311466,0.781399845,0.723118958,0.242056204,0.216883637,0.075559888,0.01925506,0.132982596,0.678541758,0.390627196,0.12681638,0.044112025,0.116263902,0.121217772,0.477783086,0.361573631,0.837425544,0.395405433,0.097092123,0.359769401,0.215342363,0.060031731,0.126914231,0.138993564,1.031202343,0.440763248,0.233926603,0.66367608,0.250419768,0.058661891,0.560205507,0.045414025,0.176886649,0.653956969,0.4753717,0.400071428,0.037237547,0.220903776,0.082211061,0.174266079,0.488267528,0.276938052,0.090763006,0.466468361,0.324877141,0.181591782
Italy,0.236830048,0.347040564,0.508764876,0.222759245,0.300952284,0.396467932,3.087814459,1.094005465,1.057403416,0.683234475,0.240256098,0.232986229,0.335853855,0.926135335,0.386973848,0.225451343,0.214188388,0.312494683,0.391108625,0.631504601,0.451857868,1.526176775,1.149806958,0.230726576,0.244180838,0.831720866,0.698940869,0.238402423,0.306738551,1.008206047,1.829177414,0.252040389,1.998598863,0.52690241,0.129673655,1.407332058,0.151800582,0.244957511,1.952393271,1.778092445,0.492015669,0.045830827,0.35482849,0.141386437,0.228322585,0.814950119,0.490420882,0.207405857,2.078826393,0.72255973,0.669295424
Portugal,0.456998685,0.066269052,0.058253103,0.011475476,0.247654171,0.050786449,1.710870549,0.097659465,0.057329101,0.237426928,0.054212113,0.057765181,0.172780307,0.025661749,0.053395084,0.029355644,0.063227236,0.049908407,0.052320492,0.508942853,0.176310814,4.459280237,0.040778461,0.035480054,0.130037133,0.047593783,0.021439904,0.013322488,0.097312508,1.353150493,1.479329038,0.042955549,0.242740264,0.108695391,0,0.051782154,0.179974097,0.035865293,0.36115373,11.11425778,0.299388685,0,0.096195386,0.035455464,0.040069858,0.101868765,0.188587419,0.058183767,0.236614386,0.044301428,0.202345128
Spain,0.135671485,0.083708277,0.206102013,0.185632704,0.146266384,0.306016155,0.443061768,0.17447028,1.603091525,0.490816854,0.182954176,0.150959672,0.410595898,0.166265573,0.479431651,0.352854836,0.274964955,0.349358847,0.308224678,0.517252124,0.257315534,0.446022941,0.212047996,0.189510227,0.439236538,0.336667499,0.939067793,0.221574017,0.098503395,0.292900196,0.502664849,0.372626447,0.315061447,0.222194998,0.373583624,0.308113029,0.176189595,0.159807938,0.284106114,0.233977277,0.487076515,0.229154135,0.148037211,0.20014713,0.34513,0.263453702,0.2832087,0.173266486,0.571254732,0.2568796,0.39950192
Albania,0.01547131,0.020927069,0.138140059,0.012825532,0.014373384,0.022983648,1.120313327,0.062545949,0.348221205,0.235612951,0.035579625,0.001540405,0.170838955,0.296548297,0.07194285,0.052253046,0.037740288,0.09754825,0.006734321,0.243046179,0.081223062,0.868575531,1.7300262,0.034842687,0,0.345249984,0.017151923,0.021035508,0.038618775,0.548280119,0.205278825,0.021736543,0.556703856,0.08311294,0,0.33944031,0.087043547,0.013662969,0.744942287,0.161828664,0.147794668,0.02577984,0.116356096,0.050840232,0.017388806,0.045665308,0.121201344,0.029275429,0.199432125,0.338270596,0
Belarus,0.052959483,0.106379268,0.056564608,0.064127661,0.096093335,0.249854499,0.1528659,0.066935139,0.161370803,0.077116702,0.067788548,0.017714655,0.071830015,0.332361947,0.041029907,0.116248349,0.053424564,0.188290807,0.041441973,0.13918029,0.107205708,0.239276768,0.08825624,0.354800536,0.040455997,0.353052244,0.934779812,0.172491165,0.020755465,0.03509961,0.218096332,0.007245514,0.375580691,0.122267302,0.018524808,0.189069359,0.033219518,0.181522299,0.399733288,0.115302923,0.128797924,0.232018561,0.06278621,0.02316009,0.040069858,0.182661234,0.110999841,0.343412707,0.250135208,0.154883288,0.093390059
Bosnia_and_Herzegovina,0.039273324,0.020927069,0.402706237,0.008100336,0.049226929,0.282105747,0.509425132,0.010972974,0.0254796,0.160264877,0.333512168,0.040820728,0.941555605,0.566081259,0.391470276,3.256715103,0.108809662,1.767778452,0.11655555,0.247200814,0.058733881,0.172834968,0.891591918,0.522640311,0.044790568,3.633902378,0,0.475402479,0.142566226,1.008206047,0.051766829,0.020183933,0.201822302,0.24201239,1.216462379,0.452587081,0.034060518,0.160783864,0.358366189,0.107885776,0.223781644,0.512732377,0.227528009,0.088659394,0.643763845,3.435436279,0.244555299,0.297159366,0,0.423782655,0.025941683
Bulgaria,0.088067455,0.139513794,0.182146479,0.035776485,0.091878799,0.19814129,0.208296571,0.312729747,0.336543055,0.137590163,0.199620422,0.129779106,0.500868755,0.752537834,0.240558906,0.179656539,0.164194759,0.199633627,0.185452831,0.587880928,0.166157931,0.262056814,0.218164765,0.107077527,0.108364277,0.543037264,0.304446636,0.028047344,0.334128959,0.290479533,0.143973387,0.038297718,0.10726956,0.112418659,0.067924295,0.207128615,0.064757035,0.131750056,0.23894796,0.111257206,0.177809523,0,0.139108897,0.04642385,0.137220362,0.101868765,0.245116849,0.249621209,0.108166577,0.23558744,0.160838435
Croatia,0.130911082,0.041854138,0.094133638,0.016200672,0.04747804,0.076550377,0.097243427,0.103145952,0.089178601,0.076459135,0.063575172,0.039280323,0.167926928,0.202981613,0.288614482,0.253632761,0.054404831,0.139516682,0.121735797,0.064396851,0.015611422,0.068081273,0.113888416,0.067560821,0.002889714,0.227435865,0.038591827,0.045576934,0.106159099,0.278376219,0.123803203,0.004657831,0.147661466,0.053807221,0.262434777,0.442267506,0.028173515,0.067582899,0.091431324,0.028320016,0.021276353,0.541376643,0.080354828,0.024030925,0.148560887,0.154559505,0.041648338,0.028633021,0.070984316,0.29431259,0.083013386
Czechia_and_Slovakia,0.166614104,0.282515434,0.127692491,0.134330575,0.090483511,0.328443748,0.234189792,0.155816225,0.271782404,0.185116363,0.164977103,0.11514526,0.165985576,0.287975581,0.108757356,0.077498899,0.118612334,0.13214385,0.060608886,0.637736555,0.130786597,0.163947299,0.211028535,0.10877717,0.218173412,0.143951688,0.578877407,0.068014809,0.165533339,0.288058871,0.1811839,0.140769991,0.201250502,0.151212704,0.058661891,0.29816201,0.043732024,0.258864461,0.223226232,0.009440005,0.243158323,0.103119361,0.20938337,0.042090404,0.227944568,0.509343825,0.129250236,0.168402544,0.169010276,0.309766576,0.274981841
Hungary,0.092827858,0.054061595,0.185523471,0.051977157,0.108230435,0.166446098,0.309951436,0.118508115,0.195343603,0.19371008,0.073312753,0.043901537,0.041739063,0.092382296,0.155969851,0.073389109,0.054894964,0.084504007,0.084956046,0.37183988,0.111026686,0.165241619,0.146074272,0.097729489,0.07802228,0.181402534,0.578877407,0.098165704,0.266078255,0.416353998,0.224207004,0.061586871,0.20667116,0.163703666,0.012349872,0.479675965,0.056767531,0.159563956,0.258014736,0.167222953,0.200225681,0.037237547,0.139972927,0.051711068,0.154609168,0.432064072,0.130279746,0.156380346,0.277176852,0.435115579,0.072636713
Latvia,0.038678274,0.113354958,0.027332525,0.00337514,0.032101195,0.087856849,0.087845147,0.104243249,0.111473252,0.029613176,0.043725486,0.046982347,0.059211229,0.096217458,0.086275215,0.058711287,0.04068109,0.05160983,0.033153579,0.110097842,0.063100712,0.09034359,0.138938041,0.140008116,0.033231712,0.037450846,0.115775481,0.088349133,0.036917507,0.071409552,0.076159835,0.099367053,0.070971736,0.050083954,0,0.112593936,0.013456007,0.05538382,0.094776372,0.043828596,0.060029711,0.022915413,0.053569886,0.008853499,0.027595279,0.010538148,0.07131693,0.106180786,0,0.14629774,0
Lithuania,0.042843627,0.156953019,0.040946022,0.007425308,0.038867389,0.095641633,0.216544041,0.076810815,0.106165002,0.065597947,0.042414658,0.046982347,0.015530814,0.571326408,0.149506236,0.071040658,0.008822405,0.050475548,0.020720987,0.035314402,0.057969685,0.106910896,0.159764184,0.03611742,0,0.022626553,0.068607693,0.065210075,0.045934226,0.108929825,0.074570067,0.027429447,0.064110144,0.038313624,0.077186699,0.185199518,0.009251005,0.113451437,0.092323337,0.105188632,0.043312576,0.05155968,0.026784943,0.014887148,0.015498719,0.207250246,0.07028742,0.051943237,0.027041644,0.116076611,0
Moldova,0.159473499,0.683617593,0.021950445,0.056027325,0.095777962,0.118069225,0.054471663,0.024140542,0.01167815,0.063058379,0.083705749,0.014633846,0.030090952,0.218153065,0.048617629,0.032291208,0.101947791,0.026655626,0.083919996,0.020773178,0.108297416,0.193285236,0.061458966,0.353738259,0.020227998,0.172429936,0.484541829,0.048381668,0.045423845,0.071409552,0.101794848,0.003622757,0.151481086,0.173071888,0.256259841,0.09545607,0.068962037,0.353529316,0.128338358,0.006742861,0.180089133,0.111712641,0.089859163,0.018308289,0.119831555,0.656877898,0.089941692,0.451337171,0.104786371,0.03571588,0.093390059
North_Macedonia,0,0.190087545,0.009708851,0.014850616,0.007846109,0.023354352,0.196596672,0,0.01592475,0.021745051,0.013014652,0.006931822,0.139777327,0.206478379,0.28439908,0.087479818,0.01225334,0.04026701,0.040923949,0,0.006768589,0.008887669,0.60075411,0.014446968,0,0.058126834,0,0.016127223,0.070772733,0.047202924,0.22356116,0,0.09082461,0.008407378,0.040137084,0.257067988,0,0.051236133,0.036907034,0.040457166,0.088904762,0,0.027072953,0.011963627,0.004914228,0.080792469,0.029949367,0.017895638,0,0.252071693,0
Poland,0.149357643,0.369711555,0.536836118,0.249760365,0.209838027,0.820182609,4.243994691,0.679227064,0.744216662,0.560609623,0.2800491,0.137866231,0.283437357,7.076325937,0.701723818,0.223102892,0.15341182,0.255213444,0.15644345,1.300400922,0.391049743,0.978679085,1.688228278,0.492896553,0.271633122,0.593751951,1.35928991,0.328855107,0.438076411,0.859335286,2.372281993,0.187865834,1.548638511,0.412321854,0.185248078,0.894670308,0.206045111,0.339622365,1.239117442,0.685748963,0.702119657,0.211967575,0.415598629,0.156294319,0.272550635,1.429675425,0.354806405,0.405542692,0.283937263,1.506248562,0.461761959
Romania,0.380832237,0.211014614,0.640467544,0.326038531,0.216824027,0.297489963,0.456679684,0.15362163,0.403427006,0.296154437,0.592026232,0.052373764,0.449422933,0.874642639,0.376856884,0.180243652,0.254379344,0.128173863,0.482798991,0.552566526,0.270852711,0.264386591,1.306221482,0.217979252,0.164713702,0.502465514,0.973371639,0.149352106,0.499832425,0.728619496,0.315668358,0.150085652,0.454123051,0.305548149,0.37975856,1.200756277,0.197214606,1.019843022,0.495736178,0.370857355,0.671344931,0.240611842,0.531954725,0.16035822,0.233992848,0.576085429,0.268234017,0.657182896,0.371822607,0.522001326,0.555152018
Russia,0.668241567,1.970632346,0.466235889,0.224109301,0.657333842,1.321003718,1.126642781,0.816389233,1.234698969,0.638451916,0.671705865,0.255322099,0.811485037,0.991671494,0.921205717,0.756788493,0.495034947,1.165474725,0.605570837,0.882860051,1.043126826,1.568285344,0.999654839,1.343780474,0.650185664,1.474627052,1.586552892,0.431227913,0.410175622,1.517755561,1.03841675,0.283092592,1.706249287,0.815996118,1.043564173,1.665505714,0.547911796,1.470477008,1.626028045,0.739691851,1.353707974,0.521325657,0.868926586,0.308421067,0.614278478,1.967120978,0.883974281,1.839671601,1.01744186,1.317366503,2.096087994
Serbia,0,0.188343622,0.100465497,0.033751401,0.041849101,0.050601097,0.085543527,0.107535141,0.452262907,0.085007502,0.0364223,0.038125019,0.097067588,0.386731015,0.152878557,0.075737561,0.022056012,0.1037868,0.024865184,0.006231953,0.069541788,0.114417957,0.161948744,0.068410642,0.011558856,0.168528806,0,0.053991137,0.170467015,0.169446394,0.085350683,0.093156612,0.112187034,0.031467616,0.154373398,0.271073125,0.019763511,0.044404648,0.088086275,0.053268602,0.040653032,0.02577984,0.029089024,0.034957843,0.058592716,0.077279753,0.064110363,0.045427389,0.047322877,0.261000663,0.140085089
Ukraine,0.59386027,0.938230268,0.22731374,0.147156107,0.546972248,0.668379319,0.880944892,0.404902725,0.61469536,0.423949123,0.345309622,0.112064451,1.498723561,1.490806608,0.71633721,0.4332893,0.445041318,0.581886651,0.281287395,0.481937722,0.686138367,0.906628562,0.844987963,0.956899171,0.257184552,1.168388365,2.276917799,0.65490548,0.253148621,0.999733727,1.055009956,0.228233699,1.695499459,0.642323703,0.271697181,1.731477284,0.343128185,2.336367651,2.103812463,0.540103166,1.511001014,4.124774426,0.795772011,0.139976512,0.220384217,0.888717156,0.442876262,3.145686096,0.388723634,0.642885843,1.930061222
China,4.882983345,2.450211015,2.443358882,2.341672179,6.470431111,3.504450302,4.209854001,6.662789549,3.953584661,1.282005642,3.412273285,7.259927909,2.944059949,4.242648473,6.157015271,5.831792162,4.030368679,4.187769038,3.688335639,5.577598205,4.748819864,8.580915326,5.239886578,3.8027394,4.685671353,7.269365208,3.987822135,3.021400123,3.088821481,5.296410157,3.761292323,1.846053524,9.188564104,3.270109848,2.741671555,6.622771617,2.983449111,5.44396109,7.35910656,3.146893227,3.63027777,3.190971327,3.92586619,2.303962387,2.843447822,6.31235071,3.920372121,6.993156524,7.568280151,5.340897774,3.486562208
Hong Kong,0.27312812,0.078476509,0.251480336,0.062777605,0.985522925,0.211857338,0.247999509,0.707756795,0.431029907,0.119994585,0.16610067,1.485720447,0.200929907,0.288539576,0.276811358,0.154997798,0.245556939,0.112861056,0.122771846,0.049855626,0.445416792,0.71714,0.257195578,0.264931897,0.086691422,0.360854503,0.450237983,0.147949739,0.391801932,0.502287526,0.462225119,0.057446577,0.942028008,0.232043641,0.095711507,0.365792083,0.090407549,0.636791935,0.356916668,0.252857287,0.251896825,0.349460056,0.120676248,0.186379628,0.441146452,0.418013208,0.307261786,0.772357388,0.084505138,0.182357042,0.243851821
Taiwan,0.729531755,0.371455478,0.507604035,0.296337298,1.717906092,0.510459413,0.437307719,0.737383824,0.279213954,0.169629534,0.519088001,1.001648233,0.316440337,0.422883061,0.548283208,0.371055335,0.662660641,0.524605412,0.615413306,0.606576788,0.980790309,0.738021708,0.713768702,0.443181987,0.943491642,1.020145434,0.767548561,0.393363998,0.813546173,0.681416572,0.73208828,0.300171305,0.696497363,0.432619667,0.271697181,0.726977212,0.472221755,0.752195224,0.708258256,0.374903071,0.45478205,0.057288534,0.567091962,0.589099788,0.533760745,1.064352958,0.716819377,1.409625651,0.777447269,0.574888302,0.555152018
Japan,1.177604684,1.454431307,0.56279674,0.554873027,0.999867639,0.868003425,0.587680198,0.557427057,0.825963713,0.237426928,0.710562561,9.207769802,0.908552625,0.636298572,1.45515656,0.604139146,0.801858587,1.734317134,0.95316539,1.022040342,0.558408552,0.661139054,1.502249369,0.580428183,0.800450795,0.66709319,1.998199048,0.994979525,0.803678821,1.017888698,0.472210851,0.641745548,0.648466217,0.791734826,1.738244466,1.438475062,0.682051368,1.473404787,0.489380586,0.492228853,0.903105208,0.698920111,1.112007143,0.327289179,0.662286704,0.916818884,0.761556244,1.713576182,2.295159546,0.6281187,0.674483761
Korea,5.607159646,6.902444979,1.156302996,1.482361518,3.037839558,2.907987559,1.526740983,2.173746063,2.128608283,0.491224999,4.053361947,6.668412459,1.412333408,2.207023198,2.280813179,3.189784236,2.013468872,2.418289163,0.965597982,2.201956833,3.721741143,1.472160454,2.883765367,2.822257679,1.304705899,2.751466825,3.078770207,1.778201604,1.978233982,2.651836073,3.378456256,0.988495158,1.979866716,1.934657856,2.315600976,2.244691869,1.991489075,2.847753052,3.039422511,0.739691851,1.818748267,3.460227435,2.448662193,1.191718267,1.787644875,2.371083322,5.201175513,4.459684798,3.343023256,2.149477827,2.614921656
Afghanistan,0.045223828,0.017439224,0.248842061,0.033076373,0.428869668,0.269316459,0.180868938,0.262254068,0.079623751,0.03324113,0.164789841,0.032348501,0.401859815,0.043878771,0.075034145,0.050491707,0.110280062,0.244437765,0.007252345,0.729138536,0.302075555,0.052117983,0.12248102,0.071172563,0.07802228,0.286342925,0,0.478908397,0.114155057,0.07867154,0.097025544,0.086946171,0.189768771,0.076387037,1.222637315,0.15055523,0.010933006,0.182254243,0.151976701,0,0.08016626,0.360917762,0.068258403,0.219346989,0.218116112,0.003512716,1.654702519,0.411966767,0,0.07486598,0.020753346
Bangladesh,0.552801795,0.102891423,0.234489847,0.40434178,0.14894228,0.20462861,0.57387048,0.984275729,0.349282855,0.246927633,0.762153017,0.052758865,0.018442842,0.151376118,0.345381887,0.300601791,0.412202366,0.203603614,0.333089862,0.15787615,0.548037328,0.364308155,2.30762397,0.244323723,0.049125139,0.411959303,0.012863942,0.098165704,0.147670029,0.114981482,0.624977644,0.111787934,2.386850627,0.255464195,0.305659329,0.345705767,0.40662372,0.192745452,0.944418675,0.066754324,0.097643264,0.211967575,0.201607097,0.317917325,0.076737558,0.042152592,1.04083409,0.110585866,0.865332612,0.286413885,0.570717028
India,5.899329378,0.791740783,4.641463757,5.994248761,4.907010226,4.018616755,8.198560721,12.1196493,3.368615502,2.060814036,9.399106951,0.532594966,1.872433776,9.056341357,9.127187091,6.232203141,6.629547215,7.515752341,3.511689227,3.066121025,6.58878423,6.764896985,11.07542996,6.497311377,6.857291471,8.356219961,0.668925003,4.608879789,1.758089953,9.009706858,13.07256497,1.634381,3.609357657,9.122005472,4.226743648,11.85719182,3.919482617,4.926964113,10.48003675,4.78001416,6.152285498,3.531838103,6.676651018,5.752928912,3.301227045,4.046648869,8.823457842,8.123701993,8.284883721,8.219116925,2.054581301
Iran,0.611116731,0.38715078,0.642683695,0.358439875,1.987569508,0.637981591,0.329515202,0.63094598,1.591413375,0.214661515,0.594273366,0.16944453,0.601819047,0.360787269,0.438401745,0.225451343,0.731279347,0.8053402,0.372459737,0.666819003,1.359831266,0.606173565,0.548179023,0.459328598,0.38433197,0.674505337,0.681788946,0.246816626,0.790408934,0.502287526,0.224952208,0.543931106,0.414600279,0.470933291,0.873753435,0.584161664,0.90743949,1.072299063,0.48414001,0.184080105,0.477578143,0.065881814,0.880735002,0.613275853,0.852051501,0.456653084,1.359794847,0.872389416,1.203353164,0.371925944,0.731555463
Kazakhstan,0.152927945,0.101147501,0.029443145,0,0.053068751,0.126039361,0.060033911,0.071324328,0.197466903,0.058364713,0.035673255,0.016559352,0.048533794,0.086685952,0.060982807,0.062821077,0.07744111,0.089041135,0.066825182,0.189035917,0.064629103,0.089566998,0.07281868,0.104528062,0.040455997,0.04330254,0.458813945,0.031553262,0.027220282,0.104088499,0.043470226,0.037262645,0.116921533,0.10088854,0.006174936,0.151292343,0.068541537,0.263256129,0.116965194,0.078891474,0.166031542,0,0.037441318,0.040887821,0.0366677,0.235351974,0.091158385,0.252374384,0.111546782,0.059411993,0
Nepal,0.530189881,0.38017509,0.143944263,0.290937074,0.139213487,0.745856456,0.211365397,0.082297302,0.414043506,0.039454002,0.294655472,0.105902831,0.999796158,0.173879498,0.134049764,0.996330545,0.848911413,1.382689723,0.532011334,0.261742039,0.943890585,0.462158806,0.340791423,0.626743462,0.616953952,0.634713813,0.390206252,1.119790206,0.117217339,2.56227155,0.101894209,0.260320976,0.330614389,0.503121539,3.442526784,1.493205665,0.297714161,0.12784635,0.7389212,0.129462931,0.037233618,2.1254046,0.50171366,0.448729326,0.539431008,2.472952087,0.789259408,0.216858425,1.250676041,0.366774616,0.098578396
Pakistan,1.047883703,0.261588365,0.265727019,0.768856908,0.487079962,0.338452756,1.097297131,0.901978427,0.405550306,0.308693553,1.020667081,0.036969716,0.201900583,1.71132845,0.737414217,0.678702481,0.847441012,0.714030501,1.094586124,0.490246993,1.78887244,0.591159444,1.531668116,0.692392184,0.712314516,1.151223394,0.647485099,0.332361025,0.289385621,0.476870567,1.268386663,0.325530605,1.417376251,0.750778884,0.537219426,0.811929429,0.846887457,0.222999168,1.23967495,0.382994505,0.473018925,0.443986136,0.681719997,1.226966389,0.461937415,0.418013208,2.456316041,0.518789961,1.203353164,1.019963116,0.249040158
Sri_Lanka,0.026777267,0.11509888,0.078515052,0.063452633,0.10688293,0.065614609,0.215393232,0.17447028,0.187912053,0.041812172,0.068537593,0.078560646,0.018442842,0.067510139,0.182667394,0.166152943,0.250458275,0.19566364,0.121217772,0.004154636,0.356115092,0.169038294,0.171997722,0.15275544,0.011558856,0.081923725,0.441662021,0.095360969,0.117387465,0.068988889,0.135726464,0.093674149,0.160469772,0.108214969,0.33344654,0.256699431,0.077792542,0.202748697,0.152868714,0.076194329,0.018616809,0,0.119812217,0.116567613,0.043850033,0,0.214325157,0.090579461,0.283937263,0.048422491,0.259416831
Uzbekistan,0.043438677,0.073244742,0.07070576,0,0.064250173,0.173860178,0.043347169,0,0.044589301,0.045213379,0.181362456,0.018869959,0.106774347,0.104056981,0.019390846,0.035813885,0.033329086,0.359000244,0.015022715,0.043623673,0.099563754,0.103027934,0.103402526,0.047377557,0,0.132638412,0,0.112189376,0.030282564,0.151291424,0.104328542,0.07918312,0.691968712,0.083353151,0,0.532563788,0.050880527,0.221535279,0.38189303,0.087657193,0.068768213,0,0.156389505,0.03222093,0.002268105,0,0.097148259,0.185013367,0,0.054604086,0.005188337
Burma,0.067835742,0.045341983,0.266676798,0.118129902,0.251362198,0.411481444,0.094941807,0.017556758,0.167740703,0.08951977,0.436037666,0.06700761,0.257229109,0.233832111,4.11310765,2.528108029,1.345906894,1.60557613,0.267300729,0.081015393,0.409608776,0.134005345,0.517012628,1.741709459,0.011558856,0.656950253,0,2.756352723,0.081830972,0.240855946,0.065329539,0.048130916,0.304380235,0.493272896,0,0.315668432,2.058348612,0.453317784,0.211964569,0.157108661,0.259495522,2.242846094,0.599637107,0.261209317,0.368945104,0.537445553,0.181287261,0.203184322,0.010140617,1.137413415,0.088201723
Cambodia,0.299905387,0.249380908,0.156080326,0.283511766,0.505505417,0.292670811,0.309567833,0.176664874,0.226131454,0.077502172,0.196905134,0.145953357,0.09900894,0.153744895,0.216671631,0.236606488,0.286238028,0.573379536,0.206691843,1.672240803,0.218014052,1.1959524,0.139374954,0.850246555,0.335206831,0.289853942,0.077183654,0.032955629,0.171828029,0.335261795,0.038999002,0.006210441,0.081973156,0.32956923,0.071011763,0.48999554,0.246413133,0.667777596,0.966272992,1.630423789,0.42362739,0.343731202,0.390253737,0.204190297,0.41241712,0.435576788,0.46337286,1.030238122,0.006760411,0.196437341,0.083013386
Indonesia,0.181490363,0.116842803,0.170115947,0.170107059,0.388024028,0.35272486,0.122561242,0.152524333,0.143322752,0.072173614,0.183235068,0.264179426,0.287320061,0.091423505,0.333297737,0.167327169,0.201935047,0.145188092,0.275071099,0.4092316,0.225110153,0.152557276,0.165880953,0.112176457,0.193610842,0.179061856,0.278718751,0.110787008,0.211297438,0.990051076,0.107209996,0.126796499,0.130964925,0.175353891,0.049399487,0.277891416,0.228752124,0.309856612,0.399621787,0.164525808,0.112840659,0.054424107,0.168773941,0.14016312,0.141000537,0.059716173,0.196355536,0.365346336,0.378583018,0.187851793,0.804192176
Laos,0.351079719,2.420564333,0.127059305,2.17156512,0.475124441,0.452814941,0.281948398,0.141551359,0,0.091356422,0.424146581,0.439400474,0.621232564,0.169931537,0.269504662,1.968589461,1.689490555,0.192827935,0.633544169,0.182803964,0.094432727,0.205365564,0.566238056,5.290352187,0.034676569,0.260985581,0.042879808,0.329556291,0.264036734,0.790346397,0.015649281,0.128866646,0.044806198,0.7466953,0.172898206,0.463828046,1.019713051,0.838076742,0.310978003,1.39509794,0.467319901,0.567156484,1.119207396,0.189158009,0.42300161,0.007025432,0.281336865,0.537236234,0.064223905,4.876934753,0.01556501
Malaysia,0.16006855,0.078476509,0.159984972,0.049952073,0.165829095,0.207223538,0.097051625,0.156913522,0.117843152,0.051222178,0.261978396,0.231445824,0.212578018,0.143029,0.649171814,0.512549538,0.313195377,0.509292605,0.083919996,0.083092711,0.158843488,0.175078457,0.16384203,0.264931897,0.098250278,0.139660446,0.077183654,0.596006058,0.13082748,0.206966667,0.100304441,0.034157424,0.244409918,0.207662244,0.095711507,0.231453328,0.402418717,0.281066785,0.210515048,0.036411449,0.1557733,0.065881814,0.265545347,0.175120963,0.140622519,0.23886469,0.149185284,0.243288906,0.047322877,0.43889322,0.020753346
Philippines,3.212081903,33.46935928,3.238640381,2.56240634,7.940998405,2.151936743,1.760930775,3.272140717,1.752784177,1.840438493,1.744057032,44.32861456,2.777103697,4.998570274,3.261315542,2.795831499,2.45311872,3.179392365,3.293082817,4.194104572,4.041502365,1.010950817,2.762449446,1.989220012,6.178208666,4.109450097,7.834140903,1.871459023,15.3544506,3.18075089,4.100012321,3.10573793,1.921863389,2.268911196,6.98694001,3.177692027,2.309387247,3.585553362,2.312208981,1.519166582,4.107475979,3.855518318,3.08890873,2.12407256,2.255630571,2.118167767,4.833266259,6.566506157,8.085451595,2.884744168,3.626647297
Singapore,0.158283399,0.040110216,0.070494698,0.081003362,0.100499007,0.092490649,0.06463715,0.077908112,0.230378054,0.025939873,0.081645876,0.175606149,0.400889139,0.062264991,0.08234084,0.01232937,0.0583259,0.088473994,0.177164437,0.006231953,0.069323447,0.100007852,0.09102335,0.034630232,0.063573709,0.020285875,0.042879808,0.01752959,0.088976296,0.081092203,0.068608436,0.035710035,0.08769115,0.058491332,0.052486955,0.050860763,0.009251005,0.134189871,0.078497137,0.033040019,0.054330688,0.094526081,0.027072953,0.054157703,0.106600942,0,0.060273101,0.1415132,0.064223905,0.059411993,0.010376673
Thailand,0.934824133,4.005789822,0.463703146,0.702029134,0.639147307,0.756050816,0.248958517,0.367594614,0.188973703,0.289896216,0.458228116,1.176099079,0.431950767,0.427959011,1.141811723,1.85997358,1.098389421,0.858651452,0.61696738,1.161220632,0.463429971,0.483644531,0.521527386,4.086579829,0.820678794,1.032238936,1.526521161,1.921944242,0.964108357,0.994892402,0.133639894,0.284127666,0.296946843,0.68580186,0.839791287,0.588584339,0.909541991,0.978854116,0.446006458,0.503691716,0.64474949,2.741256338,0.771003139,0.301599518,0.873220483,0.839539132,0.756034329,0.872205871,0.503650622,3.686977784,0.954653938
Vietnam,3.428680238,1.37072303,2.070201321,2.985648904,5.003734308,3.451068925,1.314032975,1.374913588,2.282547535,1.3189881,4.00158423,3.546011892,1.03474049,1.355617131,1.890185984,4.631733451,5.449795614,2.353067949,9.729539321,2.226884647,2.08319687,3.225361094,1.845225352,3.671866867,5.620493852,4.58304725,2.379829338,3.980619285,1.948291672,2.274212679,0.720661821,2.105339426,0.574223788,3.001193848,1.370835778,2.120856967,6.028291255,5.378086062,3.646771805,0.551566029,2.485533979,1.463722036,2.330290026,3.835057865,2.66048734,1.443726289,4.029125759,5.352355938,2.339102217,1.578367166,0.207533465
Armenia,0.011901007,0.001743922,0.039363057,0,0.730643835,0.049303633,0.023783402,0,0.220823203,0.015350781,0.018164335,0.006931822,0.003882704,0.033557672,0.027259596,0.020548951,0.013723741,0.000567141,0,0,0.031768698,0.192853796,0.040778461,0.007648395,0,0.042522314,0.068607693,0.011218938,0.36458165,0.012103314,0.041333975,0.005175367,0.058140559,0.025462346,0,0.08071382,0.039106521,0.068558825,0.065562949,0.1746401,0.006458893,0.005728853,0.008064284,0.017375251,0.148560887,0.122945061,0.073095173,0.110310549,0,0.038463256,0
Iraq,0.117819973,0,1.116412284,0.147156107,0.396080386,0.409071868,0.144426628,0,0.338666355,0.124846974,0.321059299,0.010012631,1.330796634,0.766299299,0.092457804,0.64993395,0.519051493,1.61124754,0.196331349,1.867508673,0.196507408,0.287856941,8.25851214,0.470801191,0.052014853,1.216762374,0.385918271,2.00538509,0.206023508,0.652368619,0.105371827,0.340021633,0.136499943,0.275521798,1.040476705,0.610881992,0.238423629,0.572136815,0.245749558,0.198914399,0.281151811,0.973905073,2.326257884,0.514311567,0.614656495,0.702543206,0.829035911,0.456109341,0.405624662,0.446791924,0.020753346
Israel,0.118415024,0.017439224,0.21222281,0.051977157,0.321910284,0.272282091,0.264494449,0.082297302,0.332296455,0.336742174,0.328737008,0.074709634,0.136865299,0.263103425,0.127867176,0.111551446,0.039700822,0.147456656,0.265746655,0.240968861,0.404477749,0.425831536,0.315159247,0.111751546,0.215283698,0.283222021,0.192959136,0.065210075,0.396565481,0.210597662,0.465702737,0.097814442,0.686776774,0.152774075,0,0.418679905,0.116478563,0.394762203,0.410548945,0.088331479,0.319905168,0.074475094,0.183174448,0.092889168,0.07031126,0.38991148,0.146564714,0.254852242,0.243374797,0.172741228,0
Jordan,0.145787341,0.059293363,0.12864227,0.431342901,0.138324708,0.148652306,0.160154362,0.136064872,0.047774251,0.112035761,0.108986009,0.015404048,0.037856359,0.509907409,0.419291925,0.231322472,0.388185819,0.525739694,0.612305158,0.108020524,0.105677317,0.095348297,0.739983426,0.13427182,0.481137391,0.515729355,0,0.173893532,0.046614733,0.194863354,0.230814478,0.097814442,0.124286309,0.257626093,0.163635802,0.808612423,0.128252569,0.135653761,0.155321749,0.140925795,0.106381766,0.031508694,0.29290631,0.170663113,0.034777612,0.073767037,0.257938922,0.12499415,0.175770687,0.480103851,0.088201723
Kuwait,0.316566797,0,0.138667714,0.056702353,0.05751265,0.100831489,0.031455467,0.019751352,0.059452401,0.046143043,0.060298101,0.003851012,0.304792227,0.109866125,0.114377891,0.018200499,0.174487565,0.093578263,0.20306567,0.039469038,0.052838659,0.078090687,0.187872194,0.10325333,0.130037133,0.166968354,0.668925003,0.05258877,0.007485578,0.093195517,0.062646805,0.183208003,0.029802183,0.067979659,0,0.290606607,0.160631087,0.082221794,0.084518224,0,0.062689255,0,0.127876501,0.090214458,0.083163855,0.298580863,0.128033543,0.063598345,1.419686317,0.079673887,0
Lebanon,0.281458825,0.041854138,0.166738955,0.084378502,0.306447428,0.163665818,0.219037463,0.242502716,0.259042604,0.180037227,0.185856725,0.025801781,0.17666301,0.182226616,0.190536143,0.449141347,0.258300413,0.204737896,0.332571837,0.05608758,0.119542007,0.646383797,3.163389098,0.176337991,0.108364277,0.202858748,0.098623558,0.053991137,0.185608297,0.708043862,0.216705285,0.116963301,0.178126936,0.247537239,0.175985674,0.657872914,0.075269541,0.197869065,0.226348278,0.578537473,0.139056166,0.249205122,0.283977996,0.204522044,0.06879919,0.196712098,0.452984174,0.163355056,0.601676582,0.095471295,0.04669503
Saudi_Arabia,0.14459724,0,0.196920817,0.319963278,0.093054282,0.155139626,0.193911449,0.247989203,0.199590203,0.102943201,0.140071365,0.010012631,0.349443317,0.216968676,0.477745491,0.467928959,0.279866292,0.479801274,0.282323444,0.089324664,0.147598898,0.173093832,0.476379805,0.219466439,0.336651688,0.414690094,1.646584623,0.299405396,0.101055296,0.260221249,0.072582857,0.197699032,0.078267896,0.13355721,0.376671092,0.878269555,0.476006257,0.258132516,0.343982481,0.109908634,0.023176028,0.306493655,0.339275943,0.202490093,0.198081183,0,0.39888813,0.239893324,1.166170903,0.448852456,0.202345128
Syria,0.049984231,0,0.251691398,0.09517895,0.276955232,0.073584745,0.285400827,0.087783789,0.118904802,0.14176231,0.157767547,0.018869959,0.137835975,0.439069702,0.273439037,0.098634963,0.146059816,0.116831043,0.216534311,0.344834749,0.244760894,0.247819285,0.858823512,0.091568282,0.283191978,0.597262967,0,0.269254502,0.103096817,0.377623393,0.297386024,0.0507186,0.180574238,0.156977764,0.558831702,0.603695145,0.168620591,0.157368122,0.5594036,0.484811706,0.190727309,0.128899201,0.093315285,0.121066932,0.063506944,0.049178024,0.177730774,0.14041193,1.281097891,0.121571361,0.129708415
Turkey,0.367741129,0.284259356,0.140989395,0.117454874,0.179829765,0.234099579,0.369409941,0.97549735,0.407673606,0.210625416,0.288382223,0.091654087,0.114539754,0.233888511,0.250113816,0.141494202,0.125474204,0.120233889,0.209799991,0.28874717,0.370743977,0.426176689,0.2338936,0.165715221,0.245625695,0.329255352,0.591741349,0.164778146,0.09033731,0.336472126,0.787183686,0.118515912,0.424961283,0.327767649,0.071011763,0.342388761,0.150539081,0.244469547,0.516698482,0.227234416,0.216562881,0.120305921,0.256329023,0.192910898,0.125123801,0.692005058,0.707740975,0.302390398,0.601676582,0.303928403,0
Yemen,0.162448751,0,0.015301993,0.204533488,0.092805806,0.026690688,0.063102737,0.126189196,0,0.005079136,0.013389175,0.000770202,0.025237573,0.084881169,0.154845744,0.028768531,0.022546146,0.012477102,0.370387638,0,0.045851729,0.024074366,2.62540469,0.111751546,1.300371328,0.041351976,0,0,0.012079,0,0.023449082,0,0.396805883,0.165625353,0.101886443,0.048465147,0.010933006,0.011711116,0.008139618,0,0.068768213,0.028644267,0.298378503,0.013974844,0.002646123,0,0.073095173,0.027898841,0.16563007,0.026100066,0.425443603
Eritrea,0.101158563,0.015695302,0.184784754,0,0.07094947,0.340120924,0.006713057,0.13277298,0.428906607,0.018978735,0.245967564,0.013093441,0.030090952,0.051492696,0.145009808,0.32702187,0.151451286,0.047639843,0.040923949,0.103865888,0.223363421,0.067477257,0.094081735,0.621007166,0.102584849,0.349541227,0,0.011920121,0.178462973,0,0.015152479,0.017596249,0.027034674,0.172951782,0.16672327,0.448901518,0.105966057,0.187377857,0.052851765,0.024948586,0.033434269,3.778178798,0.0426255,0.132574407,0.089590153,0,0.282459966,0.453815029,0,0.124662159,0
Ethiopia,0.275508322,0.497017893,0.310788749,0.078978278,0.237590891,1.84610594,0.220763677,0.160205414,5.644793137,0.065393875,1.445375445,0.010397733,0.138806651,0.246465588,0.683457079,0.732716865,0.854302883,0.682270606,0.456379733,0.704210723,2.845863956,0.390194571,0.302780072,5.191347966,0.459464536,0.773594033,0.613181253,0.642985359,1.872585263,0.438139963,0.139452484,0.038297718,0.149079529,0.542155796,0.367408688,1.224712434,0.392747212,0.830269331,0.482578988,0.1503658,0.243158323,6.751453697,1.278765013,0.487771804,0.207531621,0.23886469,2.81187118,1.851418482,0.719983775,0.405924715,0.171215108
Kenya,0.699779236,0.081964354,0.285883437,0.124880183,0.118542191,0.400545676,0.122369441,2.445875808,0.489420658,0.081220825,0.566371449,0,0.048533794,0.136768661,0.655916456,0.412153236,1.215531354,0.893814193,0.169912091,0.762375621,0.811138913,0.605569549,0.319237093,2.989672542,0.148820274,1.605314899,0.030015866,0.770600774,0.08982693,0.66205127,0.343936425,0.108682714,0.114725823,0.498437429,4.158819352,0.839202592,0.49997477,0.378415437,0.527402637,0.153737231,0.325604191,0.690326831,0.224359897,0.416570598,0.121343625,0.347758887,0.321674918,0.863028621,0.054083288,0.363340396,0.295735187
Somalia,0,0.305186425,0.188372807,0,0.028832779,0.277657299,0.014768726,0,0.00318495,0.004852389,0.120596202,0,0.26402384,0.058035032,0.089085483,0.353441949,0.185270505,1.143356227,0.027455307,2.378528844,0.044541679,0.185001583,0.191367491,7.776717861,0.02456257,0.680357031,0,1.576961912,0.027900789,0.213018324,0.002384652,0.008280588,0.070056857,0.127191623,4.273055667,1.852363736,0.01892251,0.460149268,0.101466469,0.014160008,0.025075702,1.223110194,0.555859566,0.073668575,0.506543483,1.468315301,0.296685915,0.696828618,0.118307193,0.409702356,0
Uganda,0.057124836,0.151721251,0.067223237,0.009450392,0.037978609,0.14160893,0.073843628,0.019751352,0.139076152,0.026393367,0.171812136,0.003465911,0,0.046867941,0.028102676,0.138558638,0.154392087,0.160500899,0.209799991,0.153721515,0.177620863,0.507373745,0.110101844,0.342903033,0.02456257,0.106890956,0.060031731,0.151455657,0.028070916,0.13918811,0.052213951,0.070384996,0.027720833,0.132356156,0.003087468,0.074079807,0.072326039,0.036109274,0.086859758,0.037085735,0.123478836,0.773395205,0.094179315,0.05983887,0.03213149,0.003512716,0.07028742,0.14371574,0.047322877,0.062846212,0.129708415
Zimbabwe,0.262417214,0.026158836,0.053398678,0.085728558,0.019944982,0.086374033,0.026468625,0.052670273,0.054144151,0.037866772,0.150651622,0.008087125,0.200929907,0.017822226,0.325147961,0.046381917,0.045092292,0.067489777,0.094798514,0.047778309,0.079913013,0.071964235,0.065682449,0.083070066,0.036121426,0.117033893,0.012863942,0.089751501,0.060565127,0.268693568,0.042725022,0.019666396,0.046590212,0.135599002,0.246997437,0.191649252,0.101340555,0.068070862,0.091096819,0.078891474,0.029254986,0,0.129604562,0.076923842,0.055568576,0.231839258,0.063268037,0.032671011,0.334640346,0.018544784,0
Cameroon,0.050579282,0.195319312,0.075982309,0.1903579,0.035732768,0.140867522,0.095325411,0.429043266,0.946991815,0.033966721,0.373024277,0.045827043,0.14366003,0.086629552,0.117188159,0.078086012,0.057345632,0.140650964,0.151781228,0,2.176210376,0.194320693,0.13791858,0.602098635,0.267298551,0.137709881,0,0.084142032,0.039129155,0.234804289,0.087983737,0.261873586,0.033324467,0.156377237,0.685417889,0.278075694,0.216978117,0.082221794,0.183420156,0.024948586,0.044832316,0.045830827,0.152933383,0.292165462,0.028351314,0,0.258500473,0.031294424,0.39210384,0.091693654,0
ROC,0.070215944,0.008719612,0.10394802,0.043876821,0.016447203,0.106577401,0.036250508,0,0.037157751,0.006983812,0.129959261,0,0.018442842,0.075688059,0.128991283,0.773227653,0.192622509,0.859218593,0.013468641,0.396767694,0.055567928,0.041073113,0.075148878,0.054388585,0.001444857,0.067099432,0,0.240505974,0.051378282,0.236014621,0.013214949,0.009315661,0.04981516,0.510447969,0.447682855,0.22924199,0.014297008,0.066362991,0.073368062,0,0.039133293,0.489816963,0.189222661,0.130915672,0.196191095,0.674441478,0.061957753,0.041756489,0.064223905,0.031938239,0
DRC,0.093422908,0,0.13824559,0.049952073,0.019629608,0.326034171,0.207145762,0.212875687,0.383255656,0.010815838,0.258139541,0.00962753,0.695974607,0.201910024,0.169740163,2.117716131,0.119592601,1.849446754,0,1.977606514,0.218232394,0.072050523,0.175201744,0.146806689,0,0.636274265,0,0.072923094,0.050527648,0.382464719,0.017735852,0.286197813,0.056425161,0.321882484,1.698107382,0.24306285,0.031958017,0.040256961,0.078831641,0.005394289,0.028875051,1.687147317,0.370381037,0.109953406,0.04422805,2.146269496,0.116521755,0.130316955,0,0.130843753,0.114143406
Egypt,0.216598335,0.163928708,0.139828554,0.182932592,0.37851504,0.112137961,0.326254574,0.395027048,0.280275604,0.28356997,0.23417011,0.059305586,0.140748003,0.352778547,0.529173388,0.339938353,0.379363414,0.321568939,0.840754037,0.234736908,0.473910366,0.415735834,0.57206355,0.543673397,0.082356851,0.396354784,0.613181253,0.222976384,0.181525254,0.553121445,1.524985195,0.065727165,0.586551782,0.541435163,0.821266479,0.670772383,0.156846585,0.382319143,0.681497868,0.293988739,0.526589743,0.856463579,2.88125342,0.255486681,0.15271908,0.47772938,0.960345166,0.222731866,0.9194159,0.254132224,0.171215108
Morocco,0.088067455,0.001743922,0.078515052,0.061427549,0.06603729,0.247259571,0.386096683,0.181054064,0.244179504,0.226769812,0.145970093,0.011938137,0.007765407,0.201571627,0.107633249,0.218993101,0.095576054,0.417982906,0.1175916,0.303288394,0.213647221,0.634562334,0.150297756,0.315071374,0.190721128,0.26995818,0.038591827,0.069417176,0.108030494,0.378833725,0.253915798,0.063139481,0.225540539,0.373768019,0,0.524086994,0.171564093,0.148828766,0.528852158,0.136205792,0.072947497,0.131763628,0.082082889,0.081941516,0.051788401,0.175635802,0.662723333,0.152709446,0.321119524,0.248637474,0.140085089
Sudan,0.111274419,0.721983886,0.158190946,0,0.043693558,0.384049348,0.096092617,0,0.168802353,0.031245756,0.126026776,0.019640161,0.123275837,0.074954866,0.133768737,2.319682959,0.162724359,0.160500899,0.040405924,0.452855273,0.18275189,0.056777538,0.220931875,0.486947802,0.23840141,0.176721178,0.047167789,1.565041791,0.084893254,0.484132555,0.074122945,0.004657831,0.078610976,0.325245435,1.568433728,0.246932691,0.045414025,0.012687042,0.142833568,0,0.019376679,1.00254934,0.385069554,0.093531928,0.2351269,0.720106787,0.378859491,0.114623857,0.179150892,0.064563322,0.051883366
South_Africa,0.38499759,0.170904398,0.290843393,0.515721402,0.181559541,0.441323117,0.357710042,0.30724326,0.303631905,0.262051667,0.568337692,0.187544287,0.389241029,0.145566975,0.29226783,0.334067224,0.43033731,0.588692343,0.242953569,0.828849789,0.309389997,0.284491707,0.248602974,0.34396531,0.681972519,0.375678797,0.394494233,0.357603635,0.186118677,0.240855946,0.182227186,0.216330354,0.16252825,0.464447599,1.182500232,0.32174961,0.243890132,0.362068671,0.284998127,0.028994302,0.512532152,1.008278193,0.436047349,0.209456781,0.233236813,0.291555431,0.243993748,0.256412374,0.385343429,0.287444151,0.409878593
Cabo_Verde,0,0,0.015724117,0,0.003191962,0.004077744,0.186814789,0,0.076438801,0.022243894,0.028838222,0.003465911,0,0.001973981,0.009835937,0,0,0,0,0.081015393,0.008515321,2.581824802,0.001310736,0.002974376,0,0,0,0,0,0.033889279,0.014705356,0,0.005740866,0.020778235,0,0.006818291,0.077792542,0,0.006021087,4.711236978,0.005319088,0,0.006336223,0.001036709,0.008316386,0.080792469,0.008704035,0.001927223,0,0,0
Ghana,0.133291283,0.190087545,0.094028107,0.268661149,0.084873686,0.52955067,0.946349248,1.694227119,0.438461457,0.06657296,0.94782248,0.063541699,0.036885684,0.381260268,0.311096623,0.25950389,0.339172458,0.386223011,0.187006905,0.226427637,1.607212259,0.90403992,0.213795645,0.525827142,0.066463423,0.569564946,0.300158655,0.220872833,0.063967662,0.272324562,0.775459145,0.096779369,0.783159274,0.478139615,1.179412764,1.895853374,0.549593797,0.203480641,0.599767185,0.236674421,0.091184371,0.297900375,0.345036145,0.235809935,0.142134589,0.396936912,1.589469054,0.119671344,0.763926447,0.302211294,0.103766732
Liberia,0.170184406,0.092427889,0.115239835,0.063452633,0.03016117,0.113064721,0.085543527,1.045724381,0.205960103,0.047798297,0.380608355,0.000385101,0.009706759,0.056737845,0.142480567,1.613973286,0.008822405,0.352194552,0.017612839,0.162030786,0.7674706,0.276725783,0.243505666,2.447698789,0.112698848,0.456822296,0.060031731,0.053289953,0.060054747,0.330420469,0.372254172,0.012938418,0.099881912,0.515372291,8.672697521,0.394355192,0.175769095,0.065387065,1.349615542,2.157041233,0.240118844,3.57766893,0.151493333,0.119719209,0.042337963,0.087817901,0.18437579,0.067269245,0.385343429,0.191629434,0
Nigeria,1.005635127,0.533640264,0.298547155,0.187657788,0.294224317,0.379415548,0.5997637,2.50293527,1.991655431,0.240011845,2.22943802,0.042361133,0.084448802,0.99922902,2.746193493,0.505504183,0.499936283,0.803638777,1.057288348,0.515174806,4.172725645,0.766496765,0.862027534,1.357165165,0.911704787,1.079442607,0.05574375,0.497840355,0.27475472,0.521652829,1.097188495,0.68418356,0.742401416,0.877249874,2.500849054,1.224343878,1.197164146,0.137849595,1.096060871,2.130744075,0.504173585,0.209103148,1.086662251,1.732694002,0.143646659,0.8325137,0.643443428,0.200064057,1.53799351,0.661087205,1.281519145
Senegal,0.091637757,0.026158836,0.017940267,0.049277045,0.01488945,0.098607265,0.06118472,0,0.246302804,0.013219358,0.080428678,0.005006316,0,0.053353878,0.121684587,0.008806693,0.184780371,0.39699869,0.020720987,0.002077318,0.248254359,0.073689996,0.075440153,0.05693805,0.10691942,0.071390675,0,0.024541426,0.067540324,0.025416959,0.0578775,0,0.153631052,0.10401128,0.04631202,0.42512964,0.07400804,0.014882877,0.041813105,0.419405954,0.069148148,0,0.150053282,0.032594146,0,0.056203457,0.069632278,0.053595142,0.182531098,0.06250279,0.181591782
Sierra_Leone,0.050579282,0.204038924,0.043478766,0.047251961,0.019763403,0.01575492,0.027811237,0.472935161,0.351406155,0.011972249,0.137917862,0.014248745,0,0.008290719,0.055643298,0.156759137,0.025486948,0.011909961,0,0,1.138760431,0.11648887,0.120442097,0.315071374,0.102584849,0.134198864,0,0,0.004763549,0.114981482,0.120772707,0.016043639,0.06568831,0.181479266,0.037049616,0.421628355,0.05550603,0.03074168,0.375202933,0.148342942,0,0.020050987,0.031681115,0.059196111,0.027217262,0.042152592,0.526547306,0.023493761,0.081124932,0.028847442,0
Australia,0.312401445,0.465627289,0.167688734,0.279461598,0.21950948,0.580707822,0.207721166,0.099854059,0.697504061,0.123803937,0.190819146,0.430543147,0.401859815,0.143254598,0.205992615,0.214883311,0.163704626,0.274496237,0.170948141,0.945179584,0.224018445,0.226851289,0.189037293,0.20416965,0.349655402,0.359684165,0.561725483,0.170387614,0.166724226,0.292900196,0.109147527,0.107130104,0.288026773,0.207902455,0.21303529,0.295766394,0.207306612,0.431115459,0.249652115,0.080914332,0.246197802,0.105983787,0.22925607,0.152873178,0.535272815,1.025713081,0.212827688,0.427935183,0.703082747,0.234213753,0.648542077
Fiji,0.041058476,0.795228628,0.055403767,0.005400224,0.35471868,0.009638304,0.00824747,0,0.01592475,0.006847764,0.009082167,0.141717243,0.041739063,0.010490297,0.028383703,0,0.02303628,0.001134282,0,0,0.019432399,0.016567306,0.02810801,0.008285761,0,0.007412147,0.175807212,0,0.105648719,0,0.006060991,0.032604814,0.002401557,0.015733808,0,0.0058969,0.01892251,0.422088141,0.025199365,0.041805738,0.013297721,0.014322133,0,0.008107068,0.058214699,0,0.020870965,0.239250916,0,0.006181595,0
Micronesia,0.061290188,0.25810052,0.069861512,0.018900784,0.008285721,0.061351513,0.002493421,0,0,0.014851938,0.077151608,4.76023599,0.126187865,0.006767934,0,0.365184207,0.189191574,0.285271916,0.008806419,0,0.003602636,0.005004707,0.046458318,0.049289655,0.020227998,0.741994882,0.154367308,0.030150895,0.061075507,0,0,0.005692904,0.004391419,0.051285008,0,0.089927726,0.157267085,0.46966455,0.013714699,0,0.193386853,0,0.086115031,0.032324601,0.328497229,0,0.010950237,0.256504147,0.040562466,0.128783222,0
Bahamas,0.121985326,0.008719612,0.044850668,0.133655547,0.00636481,0.02502252,0.050635631,0.035113515,0.157124202,0.405786678,0.276397507,0.012323239,0,0.026338542,0.016861606,0.018787612,0.016174409,0.074295469,0.081329873,0.006231953,0.06703086,0.039519928,0.056070384,0.055450862,0.247070552,0.07607203,0,0.245414259,0.016502296,0.049623587,0.024045245,0.005175367,0.033690418,0.116141926,0,0.07481692,0.071485039,0.000487963,0.05731183,0,0.14247558,0.03437312,0.150917312,0.032490475,0.017766824,0.031614444,0.031634019,0.016610823,0.267036236,0.024726379,0
Barbados,0.067835742,0.015695302,0.063424122,0.010800448,0.007588076,0.025578576,0.212132604,0.155816225,0.108288302,0.151036268,0.182766915,0.016559352,0,0.022672578,0.078406466,0.032291208,0.010782939,0.060116944,0.126398019,0.083092711,0.184389451,0.280349881,0.009757703,0.018908532,0.013003713,0.010142937,0,0.014023672,0.010888113,0.133136453,0.15992075,0,0.592521368,0.113859923,0.009262404,0.077396813,0.046255025,0.002195834,0.221330705,0.057314318,0.106001831,0,0.010944385,0.04157205,0,0.087817901,0.087601898,0.015234236,0,0.039493521,0
Cuba,1.212117606,0.721983886,0.835699866,0.360464959,0.312267502,0.479320277,0.655769777,0.441113537,0.494728908,22.81781389,1.126469649,0.075479836,0.114539754,0.403932846,0.438401745,0.447967122,0.679815318,7.010429723,3.395651701,0.280437899,0.342032061,0.312103884,0.857949688,0.292763556,1.45063646,1.098558142,0.403070194,2.656083469,3.885865358,0.4357193,2.203617518,1.104940923,0.550322575,1.004321392,0.071011763,0.367266308,0.375086203,0.646063235,0.639127255,0.419405954,1.383342895,0.555698777,1.277612972,1.237250547,0.249491566,0.16861037,0.581672859,0.293213148,0.790968091,0.491780196,0.342430217
Dominica,0.030942619,0.390638624,0.00643739,0.196433152,0.004998191,0.007043376,0.177800112,0.172275685,0.072192201,0.1484967,0.184077743,0.000385101,0,0.008008722,0.03035089,0,0,0,0.414937759,0,0.045851729,0.263782575,0.004806033,0.021245541,0,0.053445478,0.283006732,0,0.008846592,0.070199221,0.125492331,0.010350735,0.218701819,0.061614073,0,0.009766741,0.029435016,0,0.22378374,0.357371633,0.037993488,0,0.039457389,0.034916375,0.00302414,0.03512716,0.028264715,0.0073418,0,0.007555282,0
Dominican_Republic,0.259441962,1.634055317,0.161778999,0.168081975,0.054311131,0.356802604,4.330689028,2.689475821,2.519295489,2.957009423,1.147536532,0.136325826,0.079595422,0.21352831,0.576385883,0.206076618,0.245066805,0.265989122,1.737972762,0.643968508,1.51529046,7.844705667,0.492691189,0.349914062,1.77139472,0.314431059,0.737532696,0.326751557,0.278327382,5.571155382,9.069727236,0.115928228,11.13538082,1.674629655,0.632930933,1.024954944,0.348594688,0.048796317,7.689151339,18.75998786,0.674004476,0.9767695,0.470032545,0.252127743,0.509189606,0.512856541,0.626409726,0.120772614,0.621957815,0.559434315,0
Grenada,0.039273324,0.095915734,0.008231417,0.011475476,0.005562041,0.004263096,0.026276823,0.059254057,0.105103352,0.078590558,0.054212113,0.075094735,0,0.007839523,0.05114687,0.031704095,0.010292806,0.032894177,0.009842469,0,0.113646784,0.041245689,0.015146285,0.019120987,0,0,0,0.100970438,0.002551901,0,0.061851921,0,0.525597971,0.098126115,0.04631202,0.010688131,0.01850201,0.005123613,0.091319822,0,0.087005087,0,0.046945652,0.019863353,0.006804315,0,0.027422389,0.00036709,0.108166577,0.002060532,0
Haiti,0.690853481,0.265076209,0.151964618,0.163356779,0.049265156,0.174601586,2.532165134,4.53293538,0.316371705,7.417465742,1.240792602,0.082796759,0.203841935,0.236426486,0.55587093,0.349919272,0.355837001,0.599468022,0.868727369,0.332370843,0.968999865,5.060103943,0.24991371,0.281290964,0.271633122,0.422102241,0.566013464,0.144443821,0.122661395,0.579748735,2.377597781,0.162506534,2.872399771,0.584432898,0.722467504,0.30700736,0.219501119,0.129798203,1.886607318,2.366069923,0.358658526,0.401019736,0.428271075,0.091147496,0.091858259,0.456653084,0.36931313,0.204377365,0.246755003,0.191286012,0.025941683
Jamaica,0.928873629,0.268564054,0.232695821,0.160656667,0.148970951,0.360880348,7.388198829,3.003302865,2.400390687,5.078002149,4.1836021,0.165978619,0.159190845,0.41070078,0.58622182,0.160868927,0.246047072,0.539918218,0.652711082,1.74910156,3.117262521,1.756220721,0.608618528,0.200345452,1.13421277,0.757209288,0.192959136,0.173893532,0.338722382,1.086877587,2.264028711,0.189935981,5.193379112,1.252339053,1.333786162,0.758120216,0.373404202,0.195917212,2.434526252,0.600788915,2.239716113,0.495545817,0.597045016,0.349205217,0.167839781,1.264577772,0.985802128,0.212820435,1.615738237,0.477699897,0.072636713
St_Vincent,0.037488173,0.00697569,0.00105531,0.012825532,0.002580328,0.008155488,0.035866905,0.025237839,0.076438801,0.063421174,0.057395553,0,0,0.002707174,0.016580579,0,0,0.005104269,0.006216296,0.008309271,0.043449971,0.025196111,0.007427505,0.008923127,0,0.011313276,0.017151923,0.006310652,0,0.014523977,0.059516949,0.003622757,0.309000373,0.024981924,0,0.025798938,0.006307503,0.005855558,0.116296184,0,0.004939153,0,0.010656375,0.007858258,0,0,0.039402136,0.002294313,0.087885343,0,0
Trinidad_and_Tobago,0.315971747,0.143001639,0.140039616,0.914662959,0.052696037,0.058571233,0.590173619,1.058891949,1.457645473,1.027300582,0.769175311,0.119766475,0.019413518,0.080820409,0.139108246,0.030529869,0.134296609,0.191126512,0.519578742,0.097633935,1.325114957,0.528341742,0.181027239,0.210968223,0.231177125,0.184523438,0,0.043473383,0.146649268,0.198494348,0.71857525,0.045543232,2.094706899,0.386619297,0.021612276,0.264439113,0.149698081,0.128578295,0.828456996,0.273760156,0.412229344,0,0.249416779,0.220694711,0.034021577,0.101868765,0.451486705,0.123158699,0.58815576,0.069714651,0
Belize,0.022611914,0.104635346,0.041579208,0.09180381,0.152946568,0.027246744,0.078446867,0.001097297,0.131644602,0.087887191,0.065915937,0.00654672,0.008736083,0.265359403,0.05114687,0.020548951,0.041171223,0.055579817,0.424780228,0,0.041375727,0.013978664,0.011359714,0.056300684,0.241291124,0.058907059,0.252990867,0.094659786,0.170467015,0.00847232,0.052611393,0.010868271,0.162230914,0.059692386,0.135848591,0.013083747,0.066018536,0.064899101,0.061994898,0.024948586,0.086625152,0.00859328,0.116356096,0.090546205,0.054812541,0,0.054096044,0.034414689,0.010140617,0.042584319,0.326865207
Costa_Rica,0.186250766,0.001743922,0.133285633,0.239634945,0.124132902,0.164407226,0.395494963,0.143745954,0.342912955,0.349689436,0.292501969,0.052373764,0.194135176,0.077210844,0.096954232,0.103331866,0.084302981,0.212110729,0.418563932,0.137102973,0.232206254,0.199584264,0.146656822,0.134059364,0.326537689,0.136149429,0.257278847,0.201239693,0.203131353,0.094405848,0.68210994,0.109717787,0.161041571,0.345543249,0.018524808,0.216342521,0.140026576,0.186645912,0.268607389,0.041805738,0.548246031,0.03437312,0.20938337,0.109621659,0.18636264,0,0.180257752,0.122883382,0.65575987,0.209143952,0.181591782
El_Salvador,1.576883483,1.025426389,1.083275555,9.970163762,4.159728053,1.969550373,1.244600784,1.391373048,13.1538437,1.097682894,2.324004917,0.092424289,1.187136603,0.569465226,2.485681687,2.415382357,1.920833619,0.787191688,2.902492217,0.519329442,11.54786702,3.676216165,0.461816069,1.522030564,0.982502781,1.300636664,0,3.590761205,4.282430839,1.084456924,2.310976555,0.721963741,2.368187096,3.897540482,0.34888388,1.306716201,1.57393235,1.025454599,0.906285123,1.599406628,1.153862228,4.193520667,2.670429999,4.496934657,3.065722127,0.38991148,10.32906867,1.131187876,2.454029205,0.49074993,0.835322196
Guatemala,7.686265642,0.25810052,1.412532227,2.427400737,2.650341153,1.12304778,2.903684893,5.137546224,2.804879343,1.923133174,3.321545242,0.316168089,1.516195727,1.349300393,1.763161888,2.897402026,3.073627871,3.227599349,2.99055641,0.675128274,4.277857109,2.429785255,1.089513091,1.649716266,4.406813946,2.28684227,0.750396638,6.654232344,2.447103337,0.790346397,2.1077843,0.862216196,1.415203413,2.373162688,0.277872117,1.767595797,3.804265554,1.593687708,1.470706296,9.483833991,3.444869549,6.32465412,4.423547709,1.624648141,2.094217088,0.27399185,3.042855672,1.115861868,1.071525149,0.788496739,2.230984746
Honduras,2.211207179,0.205782847,0.35162924,1.226525901,0.586002102,0.758089688,1.315567388,1.064378436,1.640249275,2.3547917,1.948078092,0.074709634,0.415449277,0.621634715,1.4135646,1.184206664,1.557644614,2.372350743,17.26887034,0.27005131,2.400774676,1.013798322,0.369773257,0.740194652,3.389634596,1.705964047,0.184383174,1.432518091,0.786496018,1.079615599,1.626581323,0.571360552,1.185294327,4.333162784,0.271697181,0.763280003,1.532302827,0.30180522,0.913421226,0.339840194,4.454356523,0.810632752,3.563837447,2.554452128,0.862635992,0.091330617,2.879163664,0.402973062,1.010681449,0.784719098,0.03113002
Mexico,27.92392876,7.291339681,53.88823636,40.66098743,37.87262449,39.99488428,5.386940611,16.03809816,4.274202966,5.848556947,21.74074251,1.968252257,49.82867571,35.14012725,28.55793929,24.37810069,40.1581171,16.9178156,13.94056185,1.464509026,3.693575081,1.139951454,11.33786848,12.69102397,29.46496944,15.90100493,8.048539943,33.62385707,37.76456838,2.754714241,5.055612081,67.08725152,4.784862778,26.53644839,8.379388064,8.111738885,44.19120986,34.30698251,5.99310028,2.119281211,23.79836096,10.412191,25.70692088,50.69909466,37.17273133,2.497541099,5.31198817,22.15323989,6.564359113,29.70599649,41.57932967
Nicaragua,0.206482479,0.195319312,0.244831884,0.40434178,0.567232603,0.221495642,0.324911963,0.133870278,0.65291476,2.302254388,0.299617894,0.052373764,0.054357849,0.09503307,0.395685677,0.163804491,0.1764481,0.145188092,1.869033003,0.199422506,0.643125079,0.099835276,0.063206614,0.167202408,0.419008539,0.263716372,0.600317311,0.169686431,0.606161651,0.089564523,0.244575909,0.171822195,0.223779397,0.555727707,0.126586187,0.204732999,0.087884547,0.164199606,0.216982142,0.152388659,0.332822954,0.214832001,0.183750468,0.347111064,0.251759672,0.05269074,0.504834015,0.181984874,0.229853975,0.627775278,0.098578396
Panama,0.67359702,0.204038924,0.134552005,0.294312214,0.088906643,0.18423989,0.102230269,0.564010841,0.395995456,0.486939478,0.517215389,0.068548014,0.105803671,0.102646995,0.21077007,0.141494202,0.169096096,0.317598952,0.558430592,0.105943206,0.293123551,0.120975849,0.126558866,0.111539091,0.356879687,0.267617502,0.197247116,0.118500028,0.225417959,0.154922418,0.182326546,0.148015505,0.382282179,0.403674265,0.407545772,0.230900493,0.172825593,0.15712414,0.205385974,0.204982974,0.523170329,0.117441494,0.276489732,0.204024423,0.095638434,0.080792469,0.352840978,0.113797904,0.39210384,0.132560863,0.036318356
Argentina,0.149357643,0.212758537,0.186895373,0.252460477,0.321355991,0.492294917,0.608970179,0.606805438,0.995827715,1.28252716,0.299898785,0.142102344,0.400889139,0.240261648,0.207397748,0.164978717,0.219089724,0.339150309,0.186488881,0.639813872,0.440722449,0.33531537,0.231272128,0.250272474,0.300530263,0.255133887,0.330174521,0.162674595,0.464616186,0.173077389,0.513445465,0.273259395,0.473244021,0.411841432,0.040137084,0.26665045,0.202260609,0.158832011,0.422925624,0.100468629,0.468079771,0.332273495,0.330923649,0.225173296,1.482206715,0.27399185,0.427901579,0.214013478,0.507030827,0.465336708,0.181591782
Bolivia,0.047008979,0.074988665,0.04506173,0.143105939,0.085628671,0.115659649,0.100120451,0.039502705,0.201713503,0.258831858,0.070691097,0.014248745,0.021354869,0.094243478,0.068570529,0.024658741,0.063227236,0.094145404,0.126398019,0.047778309,0.681116511,0.089308134,0.037283164,0.058637693,0.182051986,0.086605081,0.017151923,0.07993493,0.077067423,0.010892982,0.139651205,0.169234511,0.108024335,0.044559105,0.024699744,0.044226751,0.108909559,0.048552335,0.078497137,0.9750177,0.307367317,0.108848214,0.086979062,0.071035333,0.386711928,0.094843333,2.179377989,0.048822972,0.087885343,0.136338504,0.020753346
Brazil,0.72239115,0.486554358,0.291898703,0.733080423,0.466045508,0.840942033,3.666671781,0.497075703,1.616892975,2.465875123,1.542002215,0.429772944,0.736742994,0.440592487,0.688234534,0.797886394,0.750394558,0.687942016,1.277448832,0.988803257,1.217145053,6.474623978,0.901932171,0.666472624,0.668968806,0.852006741,0.780412504,0.519577046,0.554613242,2.924160635,1.805827693,0.288785497,0.639706251,0.951354909,0.33344654,0.688463084,0.527307285,0.562377552,1.287843648,1.400492229,1.682351645,0.300764802,0.631318222,0.47280172,2.404191458,0.864128144,0.643911387,0.63387268,0.500270416,0.64048189,0.316488534
Chile,0.249326105,0.017439224,0.168638513,0.216683992,0.157486034,0.336228532,0.416209539,0.516827055,0.399180406,0.493560495,0.150745253,0.061231092,0.243639646,0.097289048,0.16046628,0.05107882,0.072539774,0.150292361,0.095316539,0.226427637,0.2776213,0.186641056,0.12961725,0.131297444,0.09247085,0.163067224,0.257278847,0.268553318,0.195986029,0.163394737,0.337527672,0.197699032,0.267190404,0.237448385,0.302571861,0.152213733,0.053403529,0.225438984,0.252216652,0.256903004,0.258355718,0.197645441,0.239048415,0.118723968,0.987759793,0.140508641,0.312315741,0.227871126,0.395484045,0.185791261,0.134896752
Colombia,0.935419183,0.913815353,0.556042757,0.498170674,0.476319038,0.950670418,3.050604942,1.549383868,2.751796843,6.397987937,2.141518894,0.206029144,0.47854321,0.828113094,0.718585424,0.680463819,0.531794967,0.888142783,0.993571314,0.496478946,1.283520889,2.079110612,0.396716169,0.735520633,1.33360304,0.904671993,0.664637022,0.794441016,0.830048469,1.642419695,4.289741225,0.778892782,2.359244154,1.866317881,2.290901232,0.676853562,0.708122382,0.346697831,1.520882022,4.053133745,4.034528482,0.312222509,0.935744938,1.089623119,1.546091677,0.85007728,1.341918818,0.450786536,1.122228231,1.090021189,1.001348968
Ecuador,0.27253307,0.467371211,0.127692491,0.237609861,0.197251759,0.261531675,4.175521509,0.671545982,0.426783307,1.172146654,0.347837648,0.072399026,0.225196805,0.94198358,0.218076765,0.198444151,0.295550567,0.12080103,0.576043431,0.255510085,0.65578889,0.810848824,0.126558866,1.338044178,0.326537689,0.176721178,0.368766348,0.06240534,0.166724226,0.249328266,4.112183984,0.231856456,3.861292454,0.735525497,0.314921733,0.297793454,0.151380082,0.141509319,0.879413234,0.459188834,0.898545989,0.343731202,0.255176982,0.213499948,0.9102662,0.200224814,0.451112338,0.170146221,0.26365603,0.211204484,0.072636713
Guyana,0.126150679,0.139513794,0.102681648,0.054677269,0.044028045,0.049674337,0.99487506,0.616681114,0.514900258,0.805950026,0.927317381,0.048522752,0.005824055,0.064577368,0.097797312,0.117422574,0.049503495,0.123636735,0.259012334,0.043623673,0.8037153,0.151780683,0.065536812,0.732758712,0.128592276,0.063978528,0.051455769,0.006310652,0.043382324,0.089564523,1.184228307,0.033122351,3.61912399,0.224477001,0.012349872,0.219106693,0.039527021,0.004391669,0.665441636,0.091028623,0.300148555,0,0.122692319,0.064296721,0.027973297,0.245890122,0.238659017,0.043316622,0.365062196,0.058381727,0.020753346
Peru,0.509363118,1.144013114,0.347724594,0.323338419,0.69546536,0.902293546,2.584910582,0.715437877,1.780387078,2.115051951,0.724794411,0.160202101,1.608409936,0.478492917,0.450485895,0.319389403,0.45337359,0.602303727,0.455343683,1.248467978,1.901100005,0.590382851,0.209717798,0.467189449,0.738321943,0.370607328,1.307834141,0.436136198,0.788197286,0.607586357,2.872115067,0.353477588,1.201922252,0.789693035,0.024699744,0.721633146,0.586177317,0.569453018,0.767019606,0.431543104,0.539887463,0.309358082,0.743354166,0.453062772,2.682412357,0.607699874,2.543356388,0.434542803,1.193212547,0.530243452,2.583791636
Uruguay,0.08092685,0.040110216,0.037885623,0,0.041390376,0.036885048,0.219804669,0.026335137,0.347159555,0.321912911,0.191193668,0.018484858,0,0.030850498,0.022763168,0.00410979,0.036269887,0.00567141,0.080293824,0.014541224,0.083515649,0.176890507,0.034807329,0.100066499,0.001444857,0.113132763,0.10719952,0.00981657,0.084893254,0.346154777,0.395107091,0.010868271,0.120901256,0.098966853,0.077186699,0.058231888,0.005887003,0.047820391,0.106038035,0.012811436,0.200225681,0,0.048097693,0.063653961,0.26574632,0.410987776,0.121294936,0.041205854,0.111546782,0.129126644,0
Venezuela,0.906261715,0.483066513,0.245254008,0.347639427,0.126149381,0.500450405,0.575788497,0.442210835,0.938498615,4.706613012,1.22000661,0.173680643,0.390211704,0.332869542,1.243824437,0.26361368,0.512679757,0.752028947,0.841272061,0.199422506,0.362883681,0.416512427,0.22617482,0.400053539,0.353989973,0.526262406,0.248702886,0.607224996,0.351481889,0.127084796,0.48741301,0.203391936,0.34637318,0.801703575,0.024699744,0.531458119,1.015087548,0.296925588,0.397614757,0.368834496,1.036082415,0.080203947,0.966274013,1.044277447,2.324429761,0.523394689,0.638857432,0.235396471,0.452947539,0.565272488,1.738092767
Canada,2.044593075,4.630114053,4.659826148,1.530288507,1.23260369,2.669068829,2.411138304,1.211416282,2.245389785,2.553082072,1.716155116,1.810745864,4.926180099,1.059858426,1.91041991,1.639806253,1.440992815,2.447780494,1.485694749,19.84253931,0.896182953,2.451357268,5.368921279,2.493801613,1.869644999,2.035999625,15.46674671,1.221461828,1.883983756,10.2260899,0.810135965,1.169633015,1.300500462,2.232519259,8.045941523,2.663924608,1.908650531,3.61751495,1.791273438,1.683692391,3.061895191,3.342785941,2.305233144,1.0770582,3.244146399,17.7251651,1.228859959,4.29844051,4.394267171,2.269332079,5.976963785
